<?xml version="1.0" encoding="UTF-8"?>
<project-private xmlns="http://www.netbeans.org/ns/project-private/1">
    <editor-bookmarks xmlns="http://www.netbeans.org/ns/editor-bookmarks/2" lastBookmarkId="0"/>
    <open-files xmlns="http://www.netbeans.org/ns/projectui-open-files/2">
        <group>
            <file>file:/C:/Users/songx/Desktop/welink/public_html/welcome.js</file>
            <file>file:/C:/Users/songx/Desktop/welink/public_html/index.html</file>
            <file>file:/C:/Users/songx/Desktop/welink/public_html/hostEvent.html</file>
            <file>file:/C:/Users/songx/Desktop/welink/public_html/index.js</file>
            <file>file:/C:/Users/songx/Desktop/welink/public_html/setting.html</file>
            <file>file:/C:/Users/songx/Desktop/welink/public_html/hostEvent.js</file>
            <file>file:/C:/Users/songx/Desktop/welink/public_html/hosting.html</file>
            <file>file:/C:/Users/songx/Desktop/welink/public_html/hostEvent.css</file>
            <file>file:/C:/Users/songx/Desktop/welink/public_html/Attending.html</file>
            <file>file:/C:/Users/songx/Desktop/welink/public_html/index.css</file>
            <file>file:/C:/Users/songx/Desktop/welink/public_html/welcome.html</file>
            <file>file:/C:/Users/songx/Desktop/welink/public_html/welcome.css</file>
        </group>
    </open-files>
</project-private>
